No.,상품명,수량,weather,temp_avg
2026-01-17,SANDWICH L,11,Sunny,3
2026-01-16,SANDWICH L,8,Sunny,6.2
2026-01-15,SANDWICH L,7,Sunny,10.1
2026-01-10,SANDWICH L,10,Snow,5.4
2026-01-09,SANDWICH L,8,Cloudy,3.1
2026-01-08,SANDWICH L,7,Sunny,-2.6
2026-01-03,SANDWICH L,12,Sunny,-1.2
2026-01-02,SANDWICH L,3,Sunny,-5.3
2026-01-01,SANDWICH L,6,Cloudy,-4.5
2026-01-17,SANDWICH K,21,Sunny,3
2026-01-16,SANDWICH K,19,Sunny,6.2
2026-01-15,SANDWICH K,15,Sunny,10.1
2026-01-10,SANDWICH K,18,Snow,5.4
2026-01-09,SANDWICH K,10,Cloudy,3.1
2026-01-08,SANDWICH K,12,Sunny,-2.6
2026-01-03,SANDWICH K,19,Sunny,-1.2
2026-01-02,SANDWICH K,12,Sunny,-5.3
2026-01-01,SANDWICH K,12,Cloudy,-4.5
2026-01-19,BREAD BB,2,Snow,0.3
2026-01-18,BREAD BB,3,Sunny,5.4
2026-01-12,BREAD BB,3,Cloudy,-0.6
2026-01-11,BREAD BB,2,Sunny,-3.2
2026-01-04,BREAD BB,4,Cloudy,4.2
2026-01-03,BREAD BB,3,Sunny,-1.2
2026-01-17,SANDWICH J,19,Sunny,3
2026-01-16,SANDWICH J,12,Sunny,6.2
2026-01-15,SANDWICH J,9,Sunny,10.1
2026-01-10,SANDWICH J,14,Snow,5.4
2026-01-09,SANDWICH J,10,Cloudy,3.1
2026-01-08,SANDWICH J,9,Sunny,-2.6
2026-01-03,SANDWICH J,14,Sunny,-1.2
2026-01-02,SANDWICH J,8,Sunny,-5.3
2026-01-01,SANDWICH J,8,Cloudy,-4.5
2026-01-17,SANDWICH I,13,Sunny,3
2026-01-16,SANDWICH I,11,Sunny,6.2
2026-01-15,SANDWICH I,8,Sunny,10.1
2026-01-10,SANDWICH I,14,Snow,5.4
2026-01-09,SANDWICH I,9,Cloudy,3.1
2026-01-08,SANDWICH I,9,Sunny,-2.6
2026-01-03,SANDWICH I,16,Sunny,-1.2
2026-01-02,SANDWICH I,11,Sunny,-5.3
2026-01-01,SANDWICH I,11,Cloudy,-4.5
2026-01-17,SANDWICH H,28,Sunny,3
2026-01-16,SANDWICH H,16,Sunny,6.2
2026-01-15,SANDWICH H,17,Sunny,10.1
2026-01-14,SANDWICH H,1,Sunny,1.5
2026-01-10,SANDWICH H,27,Snow,5.4
2026-01-09,SANDWICH H,17,Cloudy,3.1
2026-01-08,SANDWICH H,20,Sunny,-2.6
2026-01-03,SANDWICH H,20,Sunny,-1.2
2026-01-02,SANDWICH H,17,Sunny,-5.3
2026-01-01,SANDWICH H,19,Cloudy,-4.5
2026-01-17,SANDWICH G,11,Sunny,3
2026-01-16,SANDWICH G,10,Sunny,6.2
2026-01-15,SANDWICH G,6,Sunny,10.1
2026-01-10,SANDWICH G,12,Snow,5.4
2026-01-09,SANDWICH G,8,Cloudy,3.1
2026-01-08,SANDWICH G,8,Sunny,-2.6
2026-01-03,SANDWICH G,10,Sunny,-1.2
2026-01-02,SANDWICH G,11,Sunny,-5.3
2026-01-01,SANDWICH G,7,Cloudy,-4.5
2026-01-17,SANDWICH F,12,Sunny,3
2026-01-16,SANDWICH F,10,Sunny,6.2
2026-01-15,SANDWICH F,6,Sunny,10.1
2026-01-10,SANDWICH F,14,Snow,5.4
2026-01-09,SANDWICH F,6,Cloudy,3.1
2026-01-08,SANDWICH F,6,Sunny,-2.6
2026-01-03,SANDWICH F,12,Sunny,-1.2
2026-01-02,SANDWICH F,8,Sunny,-5.3
2026-01-01,SANDWICH F,8,Cloudy,-4.5
2026-01-17,SANDWICH E,18,Sunny,3
2026-01-16,SANDWICH E,19,Sunny,6.2
2026-01-15,SANDWICH E,14,Sunny,10.1
2026-01-10,SANDWICH E,22,Snow,5.4
2026-01-09,SANDWICH E,12,Cloudy,3.1
2026-01-08,SANDWICH E,14,Sunny,-2.6
2026-01-05,SANDWICH E,150,Sunny,1.6
2026-01-03,SANDWICH E,19,Sunny,-1.2
2026-01-02,SANDWICH E,10,Sunny,-5.3
2026-01-01,SANDWICH E,14,Cloudy,-4.5
2026-01-19,SANDWICH D,10,Snow,0.3
2026-01-18,SANDWICH D,10,Sunny,5.4
2026-01-14,SANDWICH D,10,Sunny,1.5
2026-01-12,SANDWICH D,10,Cloudy,-0.6
2026-01-11,SANDWICH D,10,Sunny,-3.2
2026-01-07,SANDWICH D,6,Sunny,3.9
2026-01-05,SANDWICH D,10,Sunny,1.6
2026-01-04,SANDWICH D,10,Cloudy,4.2
2026-01-03,SANDWICH D,10,Sunny,-1.2
2026-01-19,SANDWICH C,11,Snow,0.3
2026-01-18,SANDWICH C,16,Sunny,5.4
2026-01-14,SANDWICH C,12,Sunny,1.5
2026-01-12,SANDWICH C,11,Cloudy,-0.6
2026-01-11,SANDWICH C,16,Sunny,-3.2
2026-01-07,SANDWICH C,10,Sunny,3.9
2026-01-05,SANDWICH C,12,Sunny,1.6
2026-01-04,SANDWICH C,15,Cloudy,4.2
2026-01-19,SANDWICH B,12,Snow,0.3
2026-01-18,SANDWICH B,16,Sunny,5.4
2026-01-14,SANDWICH B,11,Sunny,1.5
2026-01-12,SANDWICH B,11,Cloudy,-0.6
2026-01-11,SANDWICH B,16,Sunny,-3.2
2026-01-07,SANDWICH B,12,Sunny,3.9
2026-01-05,SANDWICH B,12,Sunny,1.6
2026-01-04,SANDWICH B,17,Cloudy,4.2
2026-01-03,SANDWICH B,10,Sunny,-1.2
2026-01-19,SANDWICH A,12,Snow,0.3
2026-01-18,SANDWICH A,16,Sunny,5.4
2026-01-14,SANDWICH A,9,Sunny,1.5
2026-01-12,SANDWICH A,11,Cloudy,-0.6
2026-01-11,SANDWICH A,16,Sunny,-3.2
2026-01-07,SANDWICH A,8,Sunny,3.9
2026-01-05,SANDWICH A,11,Sunny,1.6
2026-01-04,SANDWICH A,16,Cloudy,4.2
2026-01-03,SANDWICH A,10,Sunny,-1.2
2026-01-19,LATTE ICE,3,Snow,0.3
2026-01-18,LATTE ICE,1,Sunny,5.4
2026-01-16,LATTE ICE,1,Sunny,6.2
2026-01-15,LATTE ICE,1,Sunny,10.1
2026-01-10,LATTE ICE,2,Snow,5.4
2026-01-09,LATTE ICE,4,Cloudy,3.1
2026-01-07,LATTE ICE,3,Sunny,3.9
2026-01-05,LATTE ICE,2,Sunny,1.6
2026-01-04,LATTE ICE,2,Cloudy,4.2
2026-01-03,LATTE ICE,3,Sunny,-1.2
2026-01-02,LATTE ICE,3,Sunny,-5.3
2026-01-01,LATTE ICE,3,Cloudy,-4.5
2026-01-19,LATTE ICE,2,Snow,0.3
2026-01-18,LATTE ICE,9,Sunny,5.4
2026-01-17,LATTE ICE,4,Sunny,3
2026-01-16,LATTE ICE,1,Sunny,6.2
2026-01-14,LATTE ICE,2,Sunny,1.5
2026-01-12,LATTE ICE,3,Cloudy,-0.6
2026-01-11,LATTE ICE,2,Sunny,-3.2
2026-01-09,LATTE ICE,3,Cloudy,3.1
2026-01-08,LATTE ICE,2,Sunny,-2.6
2026-01-07,LATTE ICE,5,Sunny,3.9
2026-01-05,LATTE ICE,3,Sunny,1.6
2026-01-04,LATTE ICE,7,Cloudy,4.2
2026-01-02,LATTE ICE,8,Sunny,-5.3
2026-01-01,LATTE ICE,2,Cloudy,-4.5
2026-01-19,LATTE HOT,1,Snow,0.3
2026-01-18,LATTE HOT,5,Sunny,5.4
2026-01-17,LATTE HOT,2,Sunny,3
2026-01-16,LATTE HOT,2,Sunny,6.2
2026-01-15,LATTE HOT,5,Sunny,10.1
2026-01-14,LATTE HOT,1,Sunny,1.5
2026-01-12,LATTE HOT,3,Cloudy,-0.6
2026-01-11,LATTE HOT,1,Sunny,-3.2
2026-01-10,LATTE HOT,6,Snow,5.4
2026-01-09,LATTE HOT,2,Cloudy,3.1
2026-01-08,LATTE HOT,5,Sunny,-2.6
2026-01-07,LATTE HOT,1,Sunny,3.9
2026-01-05,LATTE HOT,1,Sunny,1.6
2026-01-04,LATTE HOT,2,Cloudy,4.2
2026-01-03,LATTE HOT,4,Sunny,-1.2
2026-01-02,LATTE HOT,1,Sunny,-5.3
2026-01-01,LATTE HOT,3,Cloudy,-4.5
2026-01-19,LATTE HOT,1,Snow,0.3
2026-01-18,LATTE HOT,1,Sunny,5.4
2026-01-16,LATTE HOT,1,Sunny,6.2
2026-01-14,LATTE HOT,2,Sunny,1.5
2026-01-11,LATTE HOT,2,Sunny,-3.2
2026-01-10,LATTE HOT,2,Snow,5.4
2026-01-09,LATTE HOT,1,Cloudy,3.1
2026-01-07,LATTE HOT,1,Sunny,3.9
2026-01-05,LATTE HOT,1,Sunny,1.6
2026-01-04,LATTE HOT,3,Cloudy,4.2
2026-01-03,LATTE HOT,1,Sunny,-1.2
2026-01-02,LATTE HOT,1,Sunny,-5.3
2026-01-18,DRINK D,2,Sunny,5.4
2026-01-17,DRINK D,2,Sunny,3
2026-01-16,DRINK D,1,Sunny,6.2
2026-01-15,DRINK D,1,Sunny,10.1
2026-01-12,DRINK D,1,Cloudy,-0.6
2026-01-11,DRINK D,2,Sunny,-3.2
2026-01-10,DRINK D,2,Snow,5.4
2026-01-04,DRINK D,1,Cloudy,4.2
2026-01-03,DRINK D,1,Sunny,-1.2
2026-01-02,DRINK D,1,Sunny,-5.3
2026-01-01,DRINK D,3,Cloudy,-4.5
2026-01-17,DRINK C,2,Sunny,3
2026-01-15,DRINK C,1,Sunny,10.1
2026-01-14,DRINK C,2,Sunny,1.5
2026-01-10,DRINK C,2,Snow,5.4
2026-01-08,DRINK C,1,Sunny,-2.6
2026-01-07,DRINK C,2,Sunny,3.9
2026-01-01,DRINK C,1,Cloudy,-4.5
2026-01-19,DRINK B,2,Snow,0.3
2026-01-18,DRINK B,3,Sunny,5.4
2026-01-17,DRINK B,1,Sunny,3
2026-01-10,DRINK B,1,Snow,5.4
2026-01-08,DRINK B,1,Sunny,-2.6
2026-01-05,DRINK B,2,Sunny,1.6
2026-01-04,DRINK B,1,Cloudy,4.2
2026-01-03,DRINK B,1,Sunny,-1.2
2026-01-01,DRINK B,1,Cloudy,-4.5
2026-01-19,DRINK A,2,Snow,0.3
2026-01-09,DRINK A,1,Cloudy,3.1
2026-01-07,DRINK A,1,Sunny,3.9
2026-01-05,DRINK A,2,Sunny,1.6
2026-01-04,DRINK A,3,Cloudy,4.2
2026-01-19,CREAM CHEESE,3,Snow,0.3
2026-01-18,CREAM CHEESE,2,Sunny,5.4
2026-01-12,CREAM CHEESE,1,Cloudy,-0.6
2026-01-11,CREAM CHEESE,3,Sunny,-3.2
2026-01-05,CREAM CHEESE,3,Sunny,1.6
2026-01-04,CREAM CHEESE,3,Cloudy,4.2
2026-01-03,CREAM CHEESE,1,Sunny,-1.2
2026-01-19,COFFEE ICE,16,Snow,0.3
2026-01-18,COFFEE ICE,11,Sunny,5.4
2026-01-17,COFFEE ICE,18,Sunny,3
2026-01-16,COFFEE ICE,5,Sunny,6.2
2026-01-15,COFFEE ICE,15,Sunny,10.1
2026-01-14,COFFEE ICE,4,Sunny,1.5
2026-01-12,COFFEE ICE,7,Cloudy,-0.6
2026-01-11,COFFEE ICE,13,Sunny,-3.2
2026-01-10,COFFEE ICE,22,Snow,5.4
2026-01-09,COFFEE ICE,4,Cloudy,3.1
2026-01-08,COFFEE ICE,9,Sunny,-2.6
2026-01-07,COFFEE ICE,2,Sunny,3.9
2026-01-05,COFFEE ICE,5,Sunny,1.6
2026-01-04,COFFEE ICE,5,Cloudy,4.2
2026-01-03,COFFEE ICE,14,Sunny,-1.2
2026-01-02,COFFEE ICE,4,Sunny,-5.3
2026-01-01,COFFEE ICE,18,Cloudy,-4.5
2026-01-19,COFFEE HOT,8,Snow,0.3
2026-01-18,COFFEE HOT,9,Sunny,5.4
2026-01-17,COFFEE HOT,12,Sunny,3
2026-01-16,COFFEE HOT,7,Sunny,6.2
2026-01-15,COFFEE HOT,10,Sunny,10.1
2026-01-14,COFFEE HOT,4,Sunny,1.5
2026-01-12,COFFEE HOT,13,Cloudy,-0.6
2026-01-11,COFFEE HOT,17,Sunny,-3.2
2026-01-10,COFFEE HOT,22,Snow,5.4
2026-01-09,COFFEE HOT,13,Cloudy,3.1
2026-01-08,COFFEE HOT,19,Sunny,-2.6
2026-01-07,COFFEE HOT,9,Sunny,3.9
2026-01-05,COFFEE HOT,10,Sunny,1.6
2026-01-04,COFFEE HOT,10,Cloudy,4.2
2026-01-03,COFFEE HOT,19,Sunny,-1.2
2026-01-02,COFFEE HOT,14,Sunny,-5.3
2026-01-01,COFFEE HOT,18,Cloudy,-4.5
2026-01-19,BREAD Z,19,Snow,0.3
2026-01-18,BREAD Z,17,Sunny,5.4
2026-01-14,BREAD Z,16,Sunny,1.5
2026-01-12,BREAD Z,16,Cloudy,-0.6
2026-01-11,BREAD Z,22,Sunny,-3.2
2026-01-07,BREAD Z,13,Sunny,3.9
2026-01-05,BREAD Z,18,Sunny,1.6
2026-01-04,BREAD Z,20,Cloudy,4.2
2026-01-19,BREAD Y,1,Snow,0.3
2026-01-18,BREAD Y,1,Sunny,5.4
2026-01-14,BREAD Y,1,Sunny,1.5
2026-01-12,BREAD Y,4,Cloudy,-0.6
2026-01-10,BREAD Y,1,Snow,5.4
2026-01-05,BREAD Y,2,Sunny,1.6
2026-01-04,BREAD Y,1,Cloudy,4.2
2026-01-03,BREAD Y,1,Sunny,-1.2
2026-01-17,BREAD X,8,Sunny,3
2026-01-16,BREAD X,6,Sunny,6.2
2026-01-15,BREAD X,4,Sunny,10.1
2026-01-10,BREAD X,8,Snow,5.4
2026-01-09,BREAD X,6,Cloudy,3.1
2026-01-08,BREAD X,6,Sunny,-2.6
2026-01-03,BREAD X,7,Sunny,-1.2
2026-01-02,BREAD X,5,Sunny,-5.3
2026-01-01,BREAD X,6,Cloudy,-4.5
2026-01-17,BREAD W,3,Sunny,3
2026-01-16,BREAD W,3,Sunny,6.2
2026-01-15,BREAD W,2,Sunny,10.1
2026-01-10,BREAD W,3,Snow,5.4
2026-01-09,BREAD W,2,Cloudy,3.1
2026-01-08,BREAD W,3,Sunny,-2.6
2026-01-03,BREAD W,3,Sunny,-1.2
2026-01-02,BREAD W,2,Sunny,-5.3
2026-01-01,BREAD W,3,Cloudy,-4.5
2026-01-17,BREAD V,9,Sunny,3
2026-01-16,BREAD V,9,Sunny,6.2
2026-01-15,BREAD V,9,Sunny,10.1
2026-01-10,BREAD V,9,Snow,5.4
2026-01-09,BREAD V,9,Cloudy,3.1
2026-01-08,BREAD V,5,Sunny,-2.6
2026-01-03,BREAD V,8,Sunny,-1.2
2026-01-02,BREAD V,7,Sunny,-5.3
2026-01-01,BREAD V,9,Cloudy,-4.5
2026-01-17,BREAD U,7,Sunny,3
2026-01-16,BREAD U,6,Sunny,6.2
2026-01-15,BREAD U,6,Sunny,10.1
2026-01-10,BREAD U,8,Snow,5.4
2026-01-09,BREAD U,6,Cloudy,3.1
2026-01-08,BREAD U,4,Sunny,-2.6
2026-01-03,BREAD U,8,Sunny,-1.2
2026-01-02,BREAD U,6,Sunny,-5.3
2026-01-01,BREAD U,6,Cloudy,-4.5
2026-01-17,BREAD U,3,Sunny,3
2026-01-16,BREAD U,3,Sunny,6.2
2026-01-15,BREAD U,2,Sunny,10.1
2026-01-10,BREAD U,3,Snow,5.4
2026-01-09,BREAD U,3,Cloudy,3.1
2026-01-08,BREAD U,1,Sunny,-2.6
2026-01-03,BREAD U,3,Sunny,-1.2
2026-01-02,BREAD U,3,Sunny,-5.3
2026-01-01,BREAD U,3,Cloudy,-4.5
2026-01-19,BREAD T,5,Snow,0.3
2026-01-18,BREAD T,3,Sunny,5.4
2026-01-14,BREAD T,5,Sunny,1.5
2026-01-12,BREAD T,5,Cloudy,-0.6
2026-01-11,BREAD T,6,Sunny,-3.2
2026-01-07,BREAD T,5,Sunny,3.9
2026-01-05,BREAD T,4,Sunny,1.6
2026-01-04,BREAD T,5,Cloudy,4.2
2026-01-19,BREAD S,8,Snow,0.3
2026-01-18,BREAD S,12,Sunny,5.4
2026-01-17,BREAD S,15,Sunny,3
2026-01-16,BREAD S,11,Sunny,6.2
2026-01-15,BREAD S,9,Sunny,10.1
2026-01-14,BREAD S,8,Sunny,1.5
2026-01-12,BREAD S,4,Cloudy,-0.6
2026-01-11,BREAD S,12,Sunny,-3.2
2026-01-10,BREAD S,21,Snow,5.4
2026-01-09,BREAD S,12,Cloudy,3.1
2026-01-08,BREAD S,7,Sunny,-2.6
2026-01-07,BREAD S,20,Sunny,3.9
2026-01-05,BREAD S,12,Sunny,1.6
2026-01-04,BREAD S,16,Cloudy,4.2
2026-01-03,BREAD S,23,Sunny,-1.2
2026-01-02,BREAD S,15,Sunny,-5.3
2026-01-01,BREAD S,14,Cloudy,-4.5
2026-01-17,BREAD R,9,Sunny,3
2026-01-16,BREAD R,7,Sunny,6.2
2026-01-15,BREAD R,10,Sunny,10.1
2026-01-10,BREAD R,6,Snow,5.4
2026-01-09,BREAD R,9,Cloudy,3.1
2026-01-08,BREAD R,6,Sunny,-2.6
2026-01-03,BREAD R,6,Sunny,-1.2
2026-01-02,BREAD R,12,Sunny,-5.3
2026-01-01,BREAD R,9,Cloudy,-4.5
2026-01-17,BREAD Q,17,Sunny,3
2026-01-16,BREAD Q,17,Sunny,6.2
2026-01-15,BREAD Q,17,Sunny,10.1
2026-01-10,BREAD Q,18,Snow,5.4
2026-01-09,BREAD Q,17,Cloudy,3.1
2026-01-03,BREAD Q,18,Sunny,-1.2
2026-01-02,BREAD Q,17,Sunny,-5.3
2026-01-01,BREAD Q,16,Cloudy,-4.5
2026-01-17,BREAD P,10,Sunny,3
2026-01-16,BREAD P,10,Sunny,6.2
2026-01-15,BREAD P,10,Sunny,10.1
2026-01-10,BREAD P,10,Snow,5.4
2026-01-09,BREAD P,9,Cloudy,3.1
2026-01-08,BREAD P,10,Sunny,-2.6
2026-01-03,BREAD P,9,Sunny,-1.2
2026-01-02,BREAD P,10,Sunny,-5.3
2026-01-01,BREAD P,7,Cloudy,-4.5
2026-01-19,BREAD O,6,Snow,0.3
2026-01-18,BREAD O,4,Sunny,5.4
2026-01-14,BREAD O,5,Sunny,1.5
2026-01-12,BREAD O,6,Cloudy,-0.6
2026-01-11,BREAD O,6,Sunny,-3.2
2026-01-07,BREAD O,5,Sunny,3.9
2026-01-05,BREAD O,3,Sunny,1.6
2026-01-04,BREAD O,8,Cloudy,4.2
2026-01-17,BREAD N,4,Sunny,3
2026-01-16,BREAD N,2,Sunny,6.2
2026-01-15,BREAD N,2,Sunny,10.1
2026-01-10,BREAD N,6,Snow,5.4
2026-01-09,BREAD N,6,Cloudy,3.1
2026-01-08,BREAD N,6,Sunny,-2.6
2026-01-03,BREAD N,8,Sunny,-1.2
2026-01-02,BREAD N,3,Sunny,-5.3
2026-01-01,BREAD N,7,Cloudy,-4.5
2026-01-19,BREAD M,7,Snow,0.3
2026-01-18,BREAD M,3,Sunny,5.4
2026-01-17,BREAD M,10,Sunny,3
2026-01-16,BREAD M,36,Sunny,6.2
2026-01-15,BREAD M,6,Sunny,10.1
2026-01-14,BREAD M,7,Sunny,1.5
2026-01-12,BREAD M,5,Cloudy,-0.6
2026-01-11,BREAD M,7,Sunny,-3.2
2026-01-10,BREAD M,10,Snow,5.4
2026-01-09,BREAD M,11,Cloudy,3.1
2026-01-08,BREAD M,9,Sunny,-2.6
2026-01-07,BREAD M,6,Sunny,3.9
2026-01-05,BREAD M,3,Sunny,1.6
2026-01-04,BREAD M,11,Cloudy,4.2
2026-01-03,BREAD M,12,Sunny,-1.2
2026-01-02,BREAD M,11,Sunny,-5.3
2026-01-01,BREAD M,9,Cloudy,-4.5
2026-01-17,BREAD L,3,Sunny,3
2026-01-16,BREAD L,5,Sunny,6.2
2026-01-15,BREAD L,4,Sunny,10.1
2026-01-10,BREAD L,7,Snow,5.4
2026-01-09,BREAD L,5,Cloudy,3.1
2026-01-08,BREAD L,3,Sunny,-2.6
2026-01-03,BREAD L,7,Sunny,-1.2
2026-01-02,BREAD L,5,Sunny,-5.3
2026-01-01,BREAD L,7,Cloudy,-4.5
2026-01-19,BREAD K,6,Snow,0.3
2026-01-18,BREAD K,8,Sunny,5.4
2026-01-14,BREAD K,4,Sunny,1.5
2026-01-12,BREAD K,6,Cloudy,-0.6
2026-01-11,BREAD K,12,Sunny,-3.2
2026-01-07,BREAD K,5,Sunny,3.9
2026-01-05,BREAD K,6,Sunny,1.6
2026-01-04,BREAD K,9,Cloudy,4.2
2026-01-19,BREAD J,6,Snow,0.3
2026-01-18,BREAD J,2,Sunny,5.4
2026-01-17,BREAD J,5,Sunny,3
2026-01-16,BREAD J,9,Sunny,6.2
2026-01-15,BREAD J,0,Sunny,10.1
2026-01-14,BREAD J,3,Sunny,1.5
2026-01-12,BREAD J,0,Cloudy,-0.6
2026-01-11,BREAD J,3,Sunny,-3.2
2026-01-10,BREAD J,10,Snow,5.4
2026-01-09,BREAD J,7,Cloudy,3.1
2026-01-08,BREAD J,5,Sunny,-2.6
2026-01-07,BREAD J,6,Sunny,3.9
2026-01-05,BREAD J,4,Sunny,1.6
2026-01-04,BREAD J,4,Cloudy,4.2
2026-01-03,BREAD J,9,Sunny,-1.2
2026-01-02,BREAD J,7,Sunny,-5.3
2026-01-01,BREAD J,8,Cloudy,-4.5
2026-01-19,BREAD I,8,Snow,0.3
2026-01-18,BREAD I,11,Sunny,5.4
2026-01-14,BREAD I,8,Sunny,1.5
2026-01-12,BREAD I,6,Cloudy,-0.6
2026-01-11,BREAD I,11,Sunny,-3.2
2026-01-07,BREAD I,7,Sunny,3.9
2026-01-05,BREAD I,8,Sunny,1.6
2026-01-04,BREAD I,12,Cloudy,4.2
2026-01-19,BREAD H,7,Snow,0.3
2026-01-18,BREAD H,8,Sunny,5.4
2026-01-17,BREAD H,12,Sunny,3
2026-01-16,BREAD H,7,Sunny,6.2
2026-01-15,BREAD H,4,Sunny,10.1
2026-01-14,BREAD H,4,Sunny,1.5
2026-01-12,BREAD H,6,Cloudy,-0.6
2026-01-11,BREAD H,10,Sunny,-3.2
2026-01-10,BREAD H,11,Snow,5.4
2026-01-09,BREAD H,9,Cloudy,3.1
2026-01-08,BREAD H,5,Sunny,-2.6
2026-01-07,BREAD H,5,Sunny,3.9
2026-01-05,BREAD H,6,Sunny,1.6
2026-01-04,BREAD H,8,Cloudy,4.2
2026-01-03,BREAD H,10,Sunny,-1.2
2026-01-02,BREAD H,12,Sunny,-5.3
2026-01-01,BREAD H,7,Cloudy,-4.5
2026-01-17,BREAD G,15,Sunny,3
2026-01-16,BREAD G,10,Sunny,6.2
2026-01-15,BREAD G,11,Sunny,10.1
2026-01-10,BREAD G,15,Snow,5.4
2026-01-09,BREAD G,15,Cloudy,3.1
2026-01-08,BREAD G,14,Sunny,-2.6
2026-01-03,BREAD G,15,Sunny,-1.2
2026-01-02,BREAD G,10,Sunny,-5.3
2026-01-01,BREAD G,15,Cloudy,-4.5
2026-01-17,BREAD F,6,Sunny,3
2026-01-16,BREAD F,1,Sunny,6.2
2026-01-15,BREAD F,4,Sunny,10.1
2026-01-10,BREAD F,3,Snow,5.4
2026-01-09,BREAD F,4,Cloudy,3.1
2026-01-08,BREAD F,5,Sunny,-2.6
2026-01-03,BREAD F,3,Sunny,-1.2
2026-01-02,BREAD F,2,Sunny,-5.3
2026-01-01,BREAD F,3,Cloudy,-4.5
2026-01-19,BREAD E,6,Snow,0.3
2026-01-18,BREAD E,4,Sunny,5.4
2026-01-14,BREAD E,6,Sunny,1.5
2026-01-12,BREAD E,4,Cloudy,-0.6
2026-01-11,BREAD E,7,Sunny,-3.2
2026-01-07,BREAD E,7,Sunny,3.9
2026-01-05,BREAD E,6,Sunny,1.6
2026-01-04,BREAD E,6,Cloudy,4.2
2026-01-17,BREAD D,5,Sunny,3
2026-01-16,BREAD D,8,Sunny,6.2
2026-01-15,BREAD D,7,Sunny,10.1
2026-01-10,BREAD D,8,Snow,5.4
2026-01-09,BREAD D,8,Cloudy,3.1
2026-01-08,BREAD D,7,Sunny,-2.6
2026-01-03,BREAD D,8,Sunny,-1.2
2026-01-02,BREAD D,8,Sunny,-5.3
2026-01-01,BREAD D,8,Cloudy,-4.5
2026-01-17,BREAD C,2,Sunny,3
2026-01-16,BREAD C,2,Sunny,6.2
2026-01-15,BREAD C,3,Sunny,10.1
2026-01-10,BREAD C,3,Snow,5.4
2026-01-09,BREAD C,3,Cloudy,3.1
2026-01-08,BREAD C,4,Sunny,-2.6
2026-01-03,BREAD C,4,Sunny,-1.2
2026-01-02,BREAD C,4,Sunny,-5.3
2026-01-01,BREAD C,1,Cloudy,-4.5
2026-01-17,BREAD B,7,Sunny,3
2026-01-16,BREAD B,8,Sunny,6.2
2026-01-15,BREAD B,3,Sunny,10.1
2026-01-10,BREAD B,10,Snow,5.4
2026-01-09,BREAD B,2,Cloudy,3.1
2026-01-08,BREAD B,7,Sunny,-2.6
2026-01-03,BREAD B,11,Sunny,-1.2
2026-01-02,BREAD B,6,Sunny,-5.3
2026-01-01,BREAD B,8,Cloudy,-4.5
2026-01-17,BREAD AA,3,Sunny,3
2026-01-16,BREAD AA,1,Sunny,6.2
2026-01-15,BREAD AA,2,Sunny,10.1
2026-01-10,BREAD AA,3,Snow,5.4
2026-01-09,BREAD AA,2,Cloudy,3.1
2026-01-08,BREAD AA,0,Sunny,-2.6
2026-01-03,BREAD AA,3,Sunny,-1.2
2026-01-02,BREAD AA,2,Sunny,-5.3
2026-01-01,BREAD AA,2,Cloudy,-4.5
2026-01-19,BREAD A,10,Snow,0.3
2026-01-18,BREAD A,4,Sunny,5.4
2026-01-14,BREAD A,10,Sunny,1.5
2026-01-12,BREAD A,8,Cloudy,-0.6
2026-01-11,BREAD A,11,Sunny,-3.2
2026-01-07,BREAD A,2,Sunny,3.9
2026-01-05,BREAD A,10,Sunny,1.6
2026-01-04,BREAD A,6,Cloudy,4.2
2026-01-19,BAGEL I,8,Snow,0.3
2026-01-18,BAGEL I,4,Sunny,5.4
2026-01-14,BAGEL I,7,Sunny,1.5
2026-01-12,BAGEL I,5,Cloudy,-0.6
2026-01-11,BAGEL I,4,Sunny,-3.2
2026-01-07,BAGEL I,11,Sunny,3.9
2026-01-05,BAGEL I,8,Sunny,1.6
2026-01-04,BAGEL I,7,Cloudy,4.2
2026-01-19,BAGEL H,5,Snow,0.3
2026-01-18,BAGEL H,9,Sunny,5.4
2026-01-14,BAGEL H,8,Sunny,1.5
2026-01-12,BAGEL H,8,Cloudy,-0.6
2026-01-11,BAGEL H,8,Sunny,-3.2
2026-01-07,BAGEL H,6,Sunny,3.9
2026-01-05,BAGEL H,8,Sunny,1.6
2026-01-04,BAGEL H,9,Cloudy,4.2
2026-01-19,BAGEL G,9,Snow,0.3
2026-01-18,BAGEL G,8,Sunny,5.4
2026-01-14,BAGEL G,4,Sunny,1.5
2026-01-12,BAGEL G,6,Cloudy,-0.6
2026-01-11,BAGEL G,10,Sunny,-3.2
2026-01-07,BAGEL G,5,Sunny,3.9
2026-01-05,BAGEL G,8,Sunny,1.6
2026-01-04,BAGEL G,5,Cloudy,4.2
2026-01-19,BAGEL F,8,Snow,0.3
2026-01-18,BAGEL F,9,Sunny,5.4
2026-01-14,BAGEL F,6,Sunny,1.5
2026-01-12,BAGEL F,8,Cloudy,-0.6
2026-01-11,BAGEL F,10,Sunny,-3.2
2026-01-07,BAGEL F,5,Sunny,3.9
2026-01-05,BAGEL F,6,Sunny,1.6
2026-01-04,BAGEL F,10,Cloudy,4.2
2026-01-19,BAGEL E,7,Snow,0.3
2026-01-18,BAGEL E,8,Sunny,5.4
2026-01-14,BAGEL E,3,Sunny,1.5
2026-01-12,BAGEL E,5,Cloudy,-0.6
2026-01-11,BAGEL E,12,Sunny,-3.2
2026-01-07,BAGEL E,11,Sunny,3.9
2026-01-05,BAGEL E,8,Sunny,1.6
2026-01-04,BAGEL E,8,Cloudy,4.2
2026-01-19,BAGEL D,7,Snow,0.3
2026-01-18,BAGEL D,8,Sunny,5.4
2026-01-14,BAGEL D,6,Sunny,1.5
2026-01-12,BAGEL D,5,Cloudy,-0.6
2026-01-11,BAGEL D,11,Sunny,-3.2
2026-01-07,BAGEL D,11,Sunny,3.9
2026-01-05,BAGEL D,8,Sunny,1.6
2026-01-04,BAGEL D,8,Cloudy,4.2
2026-01-19,BAGEL C,10,Snow,0.3
2026-01-18,BAGEL C,10,Sunny,5.4
2026-01-14,BAGEL C,9,Sunny,1.5
2026-01-12,BAGEL C,8,Cloudy,-0.6
2026-01-11,BAGEL C,11,Sunny,-3.2
2026-01-07,BAGEL C,13,Sunny,3.9
2026-01-05,BAGEL C,10,Sunny,1.6
2026-01-04,BAGEL C,10,Cloudy,4.2
2026-01-19,BAGEL B,10,Snow,0.3
2026-01-18,BAGEL B,11,Sunny,5.4
2026-01-14,BAGEL B,5,Sunny,1.5
2026-01-12,BAGEL B,9,Cloudy,-0.6
2026-01-11,BAGEL B,12,Sunny,-3.2
2026-01-07,BAGEL B,13,Sunny,3.9
2026-01-05,BAGEL B,9,Sunny,1.6
2026-01-04,BAGEL B,12,Cloudy,4.2
2026-01-19,BAGEL A,10,Snow,0.3
2026-01-18,BAGEL A,6,Sunny,5.4
2026-01-14,BAGEL A,7,Sunny,1.5
2026-01-12,BAGEL A,8,Cloudy,-0.6
2026-01-11,BAGEL A,10,Sunny,-3.2
2026-01-07,BAGEL A,12,Sunny,3.9
2026-01-05,BAGEL A,10,Sunny,1.6
2026-01-04,BAGEL A,10,Cloudy,4.2
